title,thread_text,datetime
"Suomi luo kurjuutta, ..... suomalaisille","Suomi luo kurjuutta , ..... suomalaisille Suomi on poimimassa Välimeren rannikoilta Eurooppaan haluavia elintasopakolaisia . Samaan aikaan Suomessa oman maan kansalaiset käpristelevät entistä pidemmissä ruokajonoissa kuka asunnottomana , kuka työttömänä , kuka ilman lääkärin määräämiä lääkkeitä kun rahat eivät riitä . http://www.iltalehti.fi/ulkomaat/201801022200639640_ul.shtml Valtiovalta on poistanut varallisuusveron , laskenut huomattavasti perintö- ja yritysveroja , lahjoittanut valtion omistamien yritysten johtajille miljoonatulot jne . Miljoonaeläkkeille on taattu verovapaudet Portugalin kaltaisissa verokeitaissa jne . Samaan aikaan kun veropohjaa on rapautettu on maahan kutsuttu kymmeniä tuhansia ihmisiä elämään yhteiskunnan tukien varassa ja lisää haalitaan . Totuushan on , että kyllä Eurooppaan tulijoita tulee riittämään ainakin 700 miljoonaa jos rajoista ei pidetä kiinni . Suomi täytti 100 vuotta ja olemme edelleeen pisteessä jossa esim. viimeisten sotaveteraanien hyvinvointi on suurelta osin kansalaiskeräyksistä riippuvainen . Rahaa viimeisten veteraanien elämän helpottamiseksi ei ole mutta sitä kuitenkin näkyy riittävän laittomien maahantulijoiden hyysäämiseen . Samoin maailman paras koulutusjärjestelmä on romutettu jotta muutama ministeri saa leikkiä maailmanparantajaa EU:n pöydissä .",2018-01-02 14:17:46
Kela saa ihmiset epätoivoon!,"Kela saa ihmiset epätoivoon ! Sanotaan että Suomi on hyvinvointi valtio . Jos sairastaa sairautta nimeltä Fibromyalgia saa todella todeta , ettei ole kyseessä tasavertaisuus , eikä hyvinvointi . Olen sairastanut Fibromyalgiaa 2vuotta . Sairastumisen jälkeen moni asia elämässäni muuttui ja olen joutunut opettelemaan monia asioita uusiksi . Menetin työni , sillä en pysty tekemään enään kovinkaan fyysistä työtä tai olemaan pitkää aikaa jaloillani . Työterveyslääkäri kirjoitti työnantajalleni lausunnon , etten sovi kyseiseen työhön ja sain sairaslomaa ja minut irtisanottiin . Lähetin lausunnot Kelaan ja siellä he PÄÄTTIVÄT , että olen työkykyinen . Enkä saa sairauspäivärahaa . Toisaalta minulla on sairauslomatodistus ja sen tähden en ole työttömien kirjoilla . Olen hakenut apua Kelalta useaan otteeseen , mutta apua ei tule ! Fibromyalgiaa sairastavien kuntoutus on lakkautettu sitä ei järjestetä . Kaksi kertaa hain kuntoutukseen ja kaksi kertaa hylättiin hakemus . Olen soittanut ja pyytänyt apua , Haluaisin oppia elämään sairauteni kanssa , mutta apua Suomesta ei löydy . Harvat lääkärit ymmärtää sairauden todellisen luonteen ja osaa auttaa . Meitä kohtalotovereita on paljon . Sitä minä mietin , että miten ihmeessä , jokin Kelan työntekijä voi päättää siitä pystynkö tehdä töitä . Jokin aika sitten olin liikkunut muutaman tunnin , kun jalkani petti alta ja romahdin lattialle . Monina päivinä en pysty kävelemään portaita . Hyvinä päivinä voin liikkua , jonkin verran . Huonoina päivinä kahvikuppi tippuu lattialle , en saa harjattua hiuksiani itkemättä , sillä se sattuu niin paljon . Tiedän , että on paljon sairauksia ja moni ihminen kärsii . Mutta eikö siinä ole jo tarpeeksi , että sairastaa näin inhottavaa sairautta , joka ei lähde pois . Sen lisäksi Kela vielä masentaa , en halua enkä aio kirota ketään , mutta jos he ( kelan päättäjät ) kokisivat yhden päivän ihmisen kehossa jossa on Fibromyalgia uskon , että he itkisivät ja rukoilisivat että tuska loppuisi . Mitä minun pitäisi tehdä ? Kovasti yritän opiskella , että saisin sellaista työtä johon kehoni pystyy , mutta ennen kuin minulla on uusi ammatti ja ammattitaito niin mistä haen apua ! Meitä Fibromyalgiaa kärsiviä on paljon ja tarvitsemme äänemme kuuluviin ja että syrjintä loppuisi . Me ihan oikeasti yritämme parhaamme kipujemme keskellä .",2018-01-05 15:22:56
Hyvinvointi tunkeutuu olohuoneeseesi!,"Hyvinvointi tunkeutuu olohuoneeseesi ! Strömsö tulee lauantai iltaasi kettuilemaan huonomman toimeentulon omaaville kansalaisille . Ruokaohjelma suomenkielisille pitäisi kuvata ja tuottaa Itä Suomessa , missä verovaroin työllistäisi monta ihmistä . Sitäpaitsi suomalaisille ohjelma pitää tehdä suomeksi ! ! ! Helsingissä kodinhoitajat eivät suostuneet puhumaan ruotsia . Ruotsinkieliset palvelut siirrettiin yksityiselle . Nyt palvelun hoitaa ne jotka saavat käydä koulunsa ruotsiksi . Tässä on vahva viesti hallitukselle , vapauttakaa ihmiset pakkoruotsista , jotka eivät sitä tarvitse . Mikäli tarvitsette ruotsinkielisiä palvelijoita , niin avatkaa ruotsinkieliset koulut maahanmuuttajille !",2018-01-05 19:22:16
Tiltu valehtelee Libyasta ja Natosta,"Tiltu valehtelee Libyasta ja Natosta Tiltu : "" Natokiihko mainitsee melkein joka säikeessä , kuinka Nato on käynyt vain kaksi voitokasta sotaa historiansa aikana . Libya on kuullema toinen niistä . "" Nato ei ole sotinut Libyassa . YK:n pyynnöstä eräät Naton jäsenmaat tukivat pommituksilla diktaattori Gaddafin kaatamista . Se onnistui . "" Missä se voitokkuus on , onko se Libyan kansan hyvinvointi vai joku pysti Naton päämajan ala-aulassa Brysselissä ? "" Kun ei sodittu , ei ole mitään voittoakaan . "" Milloin sota loppuu , kun siitä lähtien väkivalta on vain lisääntynyt Libyassa ? "" Väkivalta johtuu kilpailevista leireistä , ei Natosta . "" Saammeko nauttia Naton voitonhedelmistä , jos emme yhdy natoon ? "" Naton jäsenyydellä ei ole tämän kanssa mitään tekemistä . Se ymmärtää jokainen tiltuja lukuun ottamatta .",2018-01-06 13:01:39
YLE:ltä äsken hyvä dokumentti Putinin peloista,"YLE:ltä äsken hyvä dokumentti Putinin peloista YLE esitti ensimmäisen osan dokumentista Putinin kosto . Se kertoo siitä , kuinka Putin pelkää kuollakseen sitä , että kansa syrjäyttää hänet vallasta ns. "" värivallankumouksen "" kautta . Dokumentin katsottuaan typerinkin tajuaa , että Putinia ei kiinnosta se , mitä kansa haluaa . Ei se , kenet kansa haluaa maansa johtoon eikä se , minkälaista politiikkaa kansa haluaisi maansa toteuttavan . Putinia ei kiinnosta kansan hyvinvointi ainakaan ensisijaisesti . Putinia kiinnostaa vain vallassa pysyminen , sillä vallasta pois joutuessaan hän menettäisi työpaikkansa , mahdollisesti vapautensa tai jopa henkensä , kuten dokumentissa joku haastateltava totesi . Erityisesti Gaddafin kohtalo järkytti Putinia suuresti , hän näki siinä kauhuskenaarion omasta kohtalostaan . https://areena.yle.fi/1-4290078",2018-01-11 23:20:26
DarkFearin kaikkien aikojen eka viesti.,"DarkFearin kaikkien aikojen eka viesti . Päivätty 6.8.2002 koskee asepalvelun keskeytysprosenttia . Kopioin tähän alas . "" Kutsunnat ovat hirvittävän tehokas keino manipuloida ja vaikuttaa nuoriin miehiin . Kutsunnoissa kehutaan armeija maasta taivaaseen , eikä hiiskuta yhtään mitään esim. siviilipalveluksesta . "" Kutsunnat onkin puolustusvoimien järjestämä propagandatilaisuus , jossa asepalveluksen suorittamisesta kerrotaan pelkästään hyviä puolia ja esitellään mahdollisimman paljon armeijan eri vaihtoehtoja joissa asepalvelus on mahdollista suorittaa . Siviilipalveluksesta ei kerrota juurikaan yhtään mitään , koska se halutaan pitää tarkoituksella niin sanottuna kakkosluokan vaihtoehtona , jonka hyvin harvat tulevat valitsemaan . "" Siviilipalvelus on kuitenkin monelle nuorelle ensimmäinen kunnollinen pitkäkestoinen työpaikka ja näytön paikka vanhemmille että pärjää omillaan , kantaa vastuun mikä tulee työstä ja kunnian mikä tulee kun näkee työnsä hedelmät . "" Olisi hieno juttu , jos siviilipalveluksen eri vaihtoehtoja tuotaisiin enemmän esille ja kansalaisten tietoisuuteen , niin että nuoret miehet uskaltaisivat valita siviilipalveluksen nykyistä helpommin . Mediassa ja lehdistössä ei ole juurikaan tuotu esille siviilipalveluksen hyödyllisyyttä , vaan sitä on pidetty aina pelkästään kakkosluokan vaihtoehtona armeijalle . "" Kutsunnoissa , mediassa , koulussa , lehdissä , uutisissa , sukujuhlissa , missä tilanteissa tahansa , pitäisi nuoria miehiä varottaa ylipäätäänsä mikä on vaarana sodassa , sillä monet eivät sitä halua nähdä , tai eivät osoita edes pelkoa sitä kohtaan , koska ukit ja isit ovat tönimässä armeijaan uudeksi uhreiksi . Joskus ' kunnia ' menee terveen järjen edelle , ja vammautumisen , kuoleman , ja mielenterveyden menettämisen vaara kielletään kokonaan . Kieltäminen voi ääritapauksissa tappaa . "" Tietenkään armeijasta ei haluta sanoa missään tilanteissa mitään huonoja puolia , koska suurin osa suomalaisista kannattaa kaikkien miesten pakottamista armeijaan , vaikka se olisikin heidän omien elämänarvojensa vastaista . Jos armeijasta ja asepalveluksesta kerrottaisiin sen huonoja puolia ja siviilipalvelus tehtäisiin tunnetummaksi ja nykyistä paremmaksi vaihtoehdoksi , niin tässä tapauksessa suurin osa suomalaisista alkaisi pelätä sitä , että armeijasta kieltäytyviä nuoria miehiä alkaisi tulla vuosien mittaan yhä enemmän , kun nykynuoret uskaltaisivat kyseenalaistaa rohkeammin asevelvollisuuden tärkeyden ja oppisivat elämään 2000-luvun Eurooppalaista elämänmenoa johon se asepalveluksen suorittaminen ei enää kuulu . Ylivoimainen enemmistö suomalaisista kun on vaan edelleenkin sitä mieltä , että se asepalveluksen suorittaminen on jokaisen terveen ja armeijaan kykenevän suomalaismiehen perusvelvollisuus , josta ei saisi kieltäytyä minkään syyn perusteella . Armeijan suorittamisen tärkeyttä kun perustellaan aina näillä vanhoilla perinteillä ja erityisesti sillä , kuinka se on kaikkein paras tapa osoittaa kiitosta sotaveteraaneja ja muita sodan kokeneita vanhuksia kohtaan . "" Kutsunnoissa pitäisi kertoa pasifismista , solidaarisuudesta , vammautumisen riskeistä sodassa , kuolemanvaarasta ja toisten ihmisten tappamisen vaikutuksesta eri perheisiin . "" Nämä asiat ovatkin juuri sellaisia , joista kutsunnoissa ei saisi puhua missään tilanteessa . Puolustusvoimilla olisi pelkona se , että yhä useampi nuori suomalaismies päättäisi valita siviilipalveluksen tai saattaisi alkaa pahimmassa tapauksessa jopa totaalikieltäytyjäksi . Suomalaiset kun ovat olleet aina niin militaristista ja inhottavaa kansakuntaa , etteivät he pysty hyväksymään nuorison pasifistisia , solidaarisia ja sodanvastaisia elämänarvoja ja asenteita . Suomalaisille kun se sotaveteraanien miellyttäminen on ollut aina paljon tärkeämpää kun nuorten miesten henkinen hyvinvointi ja se , että he saisivat toimia omien elämänarvojensa mukaisesti . Aionkin tässä ihan lähiaikoina esittää muutamia mielenkiintoisia kysymyksiä daiderille , sillä hän vaikuttaa juuri tyypilliseltä perussuomalaiselta mieheltä , joka on joutunut armeijan ja sotaveteraanisukupolven propagandan uhriksi . Hän on juuri sellainen suomalaismies , joka ei ymmärrä ollenkaan aseistakieltäytymistä , pasifismia , monikulttuurisuutta , eikä mitään muita hyviä asioita . Hänelle se suomen itsenäisyys , maanpuolustus ja sotaveteraanien miellyttäminen ovat oikein elämän tärkeimpiä asioita .",2018-01-12 20:06:54
"Hyvinvointi Kommunisti lait,mutta kunnian otti SDP","Hyvinvointi Kommunisti lait , mutta kunnian otti SDP Se oli niin kuin 1957, kun saatiin ensikertaa palkallinen 2 päivän kesäloma , jota duunarit kiitti ja mediat pit Kommunisteja suurimpana syyllisenä ! ? Sitten Yhdysvaltain propakanda muutti Eduskunnan eduston muka kommunistien vallankaappaus pella ja taisipa sitä auttaa SDP:n lehden päätoimittajakin ! ?",2018-01-13 11:15:46
"Oletko Varma, että se ei ole se Suomi ja suomalain","Oletko Varma , että se ei ole se Suomi ja suomalain Oletko varma , että se ei ole suomi ja suomalainen tämä ongelma tähän köyhyyteen ja kurjuuteen ? Tämä oli kysymys ! Kun vastaat , niin älä vastaa : Kansojen suomi suomalainen huuu ooo .. ja Matu ja vihersininenpunanen marks ja EU on mätä ja kansakunta valtio HUuuiiiii . . . suomi OOiiii ii . . . . Huomaa älä vastaa näin , vaan pysy asiassa . Nyt tarkastellaan tilannetta liiketalouden näkökulmasta , sillä rahastahan meillä oli kysymys . Sinun pitää verrata liiketoiminnan edellytykset ilman Euroopan unionin jäsenyyttä ja Euroopan unionin jäsenenä . Kun kerran syytät Euroopan unionia , niin älä sano huijaus tai EU projekti , vaan sinun pitää kertoa yksityiskohtaisesti Miten EU vaikuttaa Negatiivisesti suomessa olevien yhtiöiden tulokseen ja kasvunäkymiin . Sinullehan oli luonnollisesti jo päivän selvää , että yritysten kautta luodaan työpaikat ja hyvinvointi eikö ? Oliko kuitenkin niin , että valtion ja kunnan pitää työllistää ja maksaa korkeaa palkkaa ilman taloudellista vastiketta , vastaa myös tähän Nyt kun alat vastaamaan tähän niin luulen , että aletaan pääsemään niihin syihin miksi Britit haluavat perua Brexitiä ja Heidän ainoa mahdollisuus olisi ollut koko EU:n hajoaminen ja velkasuhteiden ja rahan sekasorto . Briteillä alkaa aika loppumaan ja he tulevat tähän samaan kysymykseen mihin Väyrysen puoluetoimisto ja Persujen puolue toimistolta nyt odotetaan vastausta . Nyt sinä ET varmasti voi enään vastata tähän Marks EU=eliitti ja paska ja Viher punanen kansojen muslimi Marks ja EU on paska ja Suvakki eliitti katainen junkeri syö tai saa niin paljon viinaa ! ! Ymmärrä , kysymys kuului , Muistaakseni Huhtasaari Ei tähän myöskään vastannut YLE:llä . Oletko varma , että se ei ole suomi ja suomalainen tämä ongelma tähän köyhyyteen ja kurjuuteen ?",2018-01-13 18:34:20
Hallitus orjuuttaa äänestäjiä,"Hallitus orjuuttaa äänestäjiä Hyvinvointi on kaikkien etuoikeus ei vain ahneiden ja varakkaiden . Kaikesta työstä pitää saada kunnon palkka . Muuten kyse on orjuudesta . Rikkaus ja röyhkeys kulkevat käsikädessä . Valtion johtamisessa on kyse ihmisistä ei säästöistä , pörssikursseista tai yritysten taseista . Laillistettu veronkierto ja suuryritysten vapauttaminen veroista ovat paljon paheksuttavampaa kuin työttömyys ja siitä kärsivät . Suuryritysten säästöt vaikeuttavat tavan kansalaisen arkea kun liian vähällä työvoimalla ei pystytä hoitamaan tehtäviään ajoissa . Liian vähä työvoima julkisessa terveydenhuollossa vaarantaa kiireen kautta ihmishenkiä . Huonosti auratut ja vasta päivällä eikä kalliilla yötaksalla auratut tiet hajottavat automme . Tuollaiset säästävät aurafirmat on saatava pois markkinoilta kun eivät hoida tehtäviään ajoissa . Ylipäätään ahneuden lähettiläät on saatava vastuuseen ja maksamaan teoistaan . Suomi kuuluu meille kaikille ei vain harvoille ja valituille ahneille .",2018-01-13 21:26:44
Presidentinvaalit 2018: Sauli Niinistö,"Presidentinvaalit 2018 : Sauli Niinistö Yle TV1 Maanantai 15.1. klo 21:00 . Tentissä valitsijayhdistyksen ehdokas Sauli Niinistö . Ehdokkaan puhe suorassa lähetyksessä studioyleisön edessä . Ohjelman juontavat Marja Sannikka ja Seija Vaaherkumpu . HD Lennu , vaalivauva , Jennin vointi , terveys . Toki kenkien nuoleminen kuuluu kuvaan . Älkää häpäiskö Saulia kysymällä esim. Natosta , aktiivimallista , varmasta koulukisatusta jälkeläisestä .",2018-01-15 10:11:03
CareSens-mittarit aivan susia.,"CareSens-mittarit aivan susia . Oulussa vaihtuivat mittarit vuodenvaihteessa . Uusi mittari ( CareSens ) on epäluotettava . Jatkuvasti tilanteita joissa jää kaipaamaan vanhaa Bayerin Contour/Contour Next-mittaria . Yleisin ongelma uuden mittarin kanssa on se että mittari näyttää verensokerin olevan korkeampi kuin oikeasti on . Ongelma näkyy siinä kun joutuu mittarin näyttämän korkean verensokerin korjaamaan lisäinsuliinilla . Contour-mittareiden kanssa tottui siihen että AINA mittari kertoi riittävällä tarkkuudella verensokerin ja sen perusteella saattoi pistää ylimääräisen ateriainsuliinin . Olen vuosikausia pistänyt ns. korjausinsuliinin siten että olen pistänyt 1 yksikön insuliinia per 2 mmol/l . Eli jos verensokerimittari on kertonut verensokerin olevan n . 10 mmol/l , olen pistänyt aina 2 yksikköä Humalog-ateriainsuliinia ja saanut verensokerin laskemaan noin 6 mmol/l-arvoiseksi . Uuden mittarin myötä tilanne on muuttunut arvaamattomaksi , viimeksi tänään aamulla korjasin normaaliin tapaan verensokeriani , toki tietäen että mittari "" valehtelee "" . Verensokerimittari kertoi verensokerin olevan 9.8 mmol/l . Pistin korjauksena 1 yksikkö , ollakseni varovainen . Kuitenkin noin tunnin kuluttua pistoksesta alkoivat insuliinituntemukset . Mittasin verensokerin tuntemusten varmistamiseksi . Verensokeri olikin 3.4mmol/l . Siis miten verensokeri laskee 9.8mmol/l arvosta 3.4mmol/l yhden yksikön pistoksella ? ? ? ? Näin ei ole koskaan tapahtunut parempilaatuisilla Contour-mittareilla ! MIten pystyn sairauteni kanssa elämään ja selviämään kun tärkein hoidon apuväline , luotettava verensokerimittari on viety pois ja tilalle annettu lelu . Ei Oulun kaupungilla ainakaan diabetespotilaiden terveys ja hyvinvointi lainkaan kiinnosta . Raha , tai siis oikeammin rahansäästökö se aina kaikessa kaikkein eniten paistaa ? ? ? Ei ole mitään järkeä saattaa diabetespotilaat hengenvaaraan lisääntyneiden insuliinishokkien takia ! Caresens-mittareiden jakelu on lopettettava välittömästi ja otettava mittariasia uudelleen käsittelyyn ja harkintaan . Bayerin Countour-sarjan mittareihin on pystynyt luottamaan , kokemuksen myötä uuden Caresens-mittarin tuloksiin ei voi lainkaan luottaa ! ! ! Ylläolevan tekstin laitoin Oulun kaupungille koskien mittarien vaihtoa . Onko samnlaisia kokemuksia , muuallakin kuin Oulussa ?",2018-01-15 21:12:18
Radio kannattaa tuloerojen kasvua,"Radio kannattaa tuloerojen kasvua Vaihtoehtoja ei ole , se on määräys korkeammalta taholta . Näin kansa jakautuu todellisesti . ja kurjuus kasvaa , ja toisille hyvinvointi , - näin se vaan reilusti menee ?",2018-01-16 08:41:35
Tällainen on Martina,"Tällainen on Martina MARTINA AITOLEHTI Olen 35-vuotias urheilija , gladiaattori ja kahden tytön äiti . Liikunta ja hyvinvointi ovat olleet elämäntapani jo pienestä tytöstä lähtien . Lapsena liikkuminen on tapahtunut yleisurheilun ja hevosten parissa , vanhemmalla iällä kestävyyslajit ovat vieneet mukanaan . Muutama detsku unohtui CV:stä ... .",2018-01-16 18:15:02
Voinnin romahdus,"Voinnin romahdus Hei . Aloitin uudet Requip Depot pakkaukset 8 mg ja 2 mg noin kuukausi sitten , muuta lääkitystä ei ole . Parkinsonin tautia olen sairastanut yli 10 v . Nyt on vointi romahtanut parin viikon sisällä todella huonoksi . Kävely jäykkää , askel matalaa , hiihtävää , oik . käden myötäliikkeet puuttuvat , kompastelua , oikea puoli vasenta heikompi , vatsanpeitteet kiristävät , alaraajasärkyä , nestettä kerääntyy vatsan alueelle eli nesteenpoistolääkettä on pakko käyttää . Lähes samat oireet kuin ennen lääkityksen aloitusta yli 10 v. sitten . Koska tämä lääke on ollut minulla käytössä jo yli 5 vuotta , tiedän , ettei ole mahdollista , että vointi romahtaa näin nopeasti ilman mitään selittävää syytä . Haluaisinkin tietää , onko kenelläkään samanlaista havaintoa voinnin äkillisestä huonontumisesta n. kuukauden kuluttua kyseisen lääkkeen aloituksesta ? Tiedoista kiitollinen .",2018-01-18 23:34:27
Jälleen näyttö kaupungin johdosta,"Jälleen näyttö kaupungin johdosta Sahamäen palvelukeskus muuttui käyttökelvottomaksi ja talo ammottaa tyhjyyttään , kun asiakkaat siirrettiin metsäkaltevan yksityiseen hoitoyksikköön . Toki meillä kuntalaisilla on varaa laittaa kiinteistöön uudet ilmastointi laitteistot , uusia keittiö tilat ja sähköpistokkeetkin uudet ruuvailtiin ja taidettiinpa ikkunoitakin uusia . Sitten talo heivataan tyhjäksi ja lämmityskulut kuitenkin juoksee , mutta aivan normaalia kaupungin toimintaa . Talossa ei tiettävästi ole sisäilma ongelmia . Talo kuulemma on myynnissä tai vuokrattavissa alkuperäiskäyttöön . Olisiko ollut mahdollista myydä tai etsiä vuokralainen ensin ja sitten vasta siirtää asukkaat , jolloin rahaa olisi säästynyt huomattavia määriä . Ei , ei tietenkään , koska kaupunki olisi joutunut noloon tilanteeseen sen johdosta , että joku asia olisi mennyt hyvin . No onneksi vastuunkantajia löytyy vaikka kuinka monta , koska se ei tarkoita mitään . Taitaa jonkun hyvinvointi taas yllättävästi petraantua . Tunnen suorastaan suurta ylpeyttä , kun olen kaupungista , missä rahalla ei ole mitään väliä tai jos on , niin otetaan jotain vanhuksilta pois , että päästään balanssiin .",2018-01-19 17:04:36
"Suomen nuoret, näyttäkää mahtinne!","Suomen nuoret , näyttäkää mahtinne ! https://www.youtube.com/watch?v=CwfYBIA5U14 Hyvä nuori , maailmassa on käynnissä ankara mittelö . Mittelön toisella puolella on oikeistolainen , totalitarismilla ja rasismilla flirttaileva katkeroituneiden joukko - toisella puolella taas liberaali , globaaliin kilpailukykyynsä ja tulevaisuuteensa uskova nuori polvi . Aina antiikin ajoista nykypäivään asti ovat menneet sukupolvet ponnistelleet eteemme ja jotta nämä mittaamattoman arvokkaat ponnistelut eivät katoaisi kuin tuhka tuuleen , on nuorison varmistettava ihmiskunnan tulevaisuus . Nuoret ovat tämä tulevaisuus . Nuorison hyvinvointi on sen nerouden lähde ja nuorison visiot ja ideat muovaavat sekä maailman että Suomen tulevaisuutta . Tätä tosiasiaa on joskus vanhempien polvien vaikea hyväksyä , mutta sinun , hyvä nuori , on se aina muistettava . Kukaan ei elä ikuisesti . Hyvä nuori , on korkea aika lopettaa nuorison syrjäyttämisen kierre , kurjistamisen politiikka , johon yhteiskuntamme oikeistoeliitti on sortunut ! On korkea aika uudistaa talouspolitiikka nuorisoa tukevampaan suuntaan ! Perheetön elämä , nälän näkeminen ja jäätyminen jonnekin rautatien varteen ei tarvitse olla kohtalomme , vaikka se vihollisiamme suuresti miellyttäisikin . Meillä ei ehkä ole pääomaa , jolla keplotella pörsseissä korkeaa elintasoa tai perustella yrityksiä fiiliksen mukaan , mutta meillä on parhaat ideat ja palava halu korjata ja parantaa Suomen ja maailman tilaa . Sen enempää meiltä ei voi eikä kuulu vaatia . Hyvä nuori , mikään ei muutu jos äänestät Sauli Niinistöä presidentiksi . Tämä herra ei suostunut ottamaan vastuuta puolueensa Kokoomuksen vuosikymmeniä harjoittamasta politiikasta , vaan perusti "" valitsijayhdistyksen "" asettuakseen politiikan yläpuolelle . Hän ei välitä paskaakaan nuorison tilasta ja siitä todisteena on hänen ja Kokoomuksen politiikan saavutukset : järjettömät määrät syrjäytettyjä , mielenterveysongelmaisia ja pahoinvoivia nuoria . Oikeistopappojen ja -mummojen mielestä nuorison syrjäyttäminen on ihan OK - he välittävät vain omasta hiipuvasta elämästään eivätkä tuon taivaallista siitä tulevaisuudesta , jossa sinä joudut elämään . Kaikista puolueista vain Vihreät yrittää selkeästi edistää Suomen nuorison asiaa ja Vihreillä onkin Suomen puolueista nuorin kannattajakunta . Hyvä nuori ! Ryhdytään vastaiskuun ! Jyrätään oikeistopapat ja -mummot ja otetaan se , minkä me tarvitsemme Suomen tulevaisuuden varmistamiseksi . Ei sen enempää eikä vähempää . Näytetään voimamme näissä vaaleissa äänestämällä Vihreää tulevaisuutta : äänestämällä Pekka Haavisto presidentiksi ! Vapautetaan nuorison mielikuvituksen , rakkauden ja luovuuden voimat mellastamaan tässä maassa ennenkuin on liian myöhäistä ! https://www.youtube.com/watch?v=HTdd8QxifbY Hyvä nuori , on aika käynnistää Euroopan laajuinen operaatio : Operaatio Vihreä Mahti ! Me rakennamme uuden Vihreän talouden , jossa myös luonto ja ympäristö huomioidaan . Uudet Vihreät arvot ohjatkoon politiikkaa ja tuottakoon taloudellista ja sosiaalista oikeudenmukaisuutta läpi koko Euroopan . Ihmiskunnan historiassa ennennäkemätön Vihreän teknologian kehitys olkoon kilpemme , ja vakaumus siitä , että olemme hoitaneet maailmanlaajuiset moraaliset velvoitteemme olkoon miekkamme ! Suomen nuorison taistelussa kohti hyvää elintasoa ei ole mitään sääntöjä : panostetaan riskejä karttamatta koulutukseen , jotta voimme ylläpitää ja lisätä teknologista etumatkaamme muuhun maailmaan nähden . Sillä maailma ei pysy paikoillaan : meidän on kehityttävä , jotta voimme nauttia hyvästä elämästä . Meidän on myös jaettava ylenmääräistä hyväämme muun maailman kanssa pitääksemme pakolais- ja siirtolaisvirrat kohtuullisina . Se jaettava hyvä ei synny menneisyyteen tuijottelemalla . Lopetetaan oikeistolainen ja epärealistinen menneen fossiiliteollisuuden perään haihattelu , vanhan teollisuuden yritystuet ja kallis mamman peräkammarissa nysväävien rasistijunttien hyysääminen ! Näidenkin tahojen on jo korkea aika osallistua Suomen ja Euroopan Vihreän tulevaisuuden rakentamiseen . Äänestämällä Haavisto presidentiksi otamme ensimmäisen askeleen optimismin tiellä kohti hyvää ja Vihreää tulevaisuutta . Muista , että sinä saat ja joudut elämään tulevaisuuden maailmassa , joten sen maailman on parasta olla kaunis ja loistokas . https://www.youtube.com/watch?v=VcwiHg4QxuA",2018-01-19 18:32:18
Kela lykkää asiakkaita kuntien vastuulle.,"Kela lykkää asiakkaita kuntien vastuulle . Kela on alkanut lykkään asiakkaita hankalasti päätettävissä asiayhteyksissä ja muuttamiskysymyksissä kuntien vastuulle , esim kun oli 20 € laskelmassa ylimääräistä , asiakas muuttamassa , niin kela lykkää asiakkaan hakemaan kunnalta avustusta , KOSKA HE EIVÄT VOI AVUSTAA , koska toimeentulotukeen ei ollut tarvetta . Muuttokustannuksia ei haeta toimeentulotukena , vaan erikseen ja koska muuttokustannuksia ei lasketa toimeentulotukihakemuksen yhteydessä tai samaan kaavakkeeseen toimeentulotukeen oikeuttavina . Alkaa oleen niin itkettävän naurettavaa tämä perusoikeuksien lyttäämistä joka asiassa , Suomalia ei ole enään oikeusvaltiokaan , hyvinvointi lähti jo aikaa sitten suomalialaivasta . Näin se menee , kjäh kjäh kjäh .",2018-01-22 23:57:44
Maailma muuttuu,"Maailma muuttuu Olen huomannut , että moni matu-invaasioon ja islamisaatioon kyllästynyt on jo luovuttanut ja ottaa koko homman enää katkerana vitsinä . Koittavat tehdä vain mahdollisimman paljon rahaa ja kuvittelevat , että sitä on tulevaisuudessa niin paljon , että voivat ostaa vapauden tulevaisuuden euroopan hullunmyllystä . Vaan minnepä lopulta menevät kun loppuviimein maailma muistuttaa totalitaristista rikkaiden ja kehitysmaalaisten sekasotkua , jossa virheistä saa maksaa kalliisti ja elämä on turvatonta ja muutoinkin epävarmaa . Lait suojaavat vain rikasta , samoin hyvinvointi kuuluu vain rikkaille - muut saavat pelata koira-syö-koira-peliä varpasillaan . Tiukemmille ahdistetut köyhät ja segregoituneet kulttuurit raaistuvat ja pahentavat kierrettä entisestään . Ja heidän määränsä vain suurenee jatkuvasti . Kyllä paljon luottoa saa löytyä omiin kykyihin , että luulee olevansa kokoomuksen suosimaa rahaeliittiä . Ja samoin siihen että lapset pystyvät jatkamaan onniostuneesti sama "" imperiumia "" . Pitäkää mielessä , että se teidän sosiaalidarvinisminne voi yhtä hyvin helposti syödä omat lapsensa mikäli joskus käy niin , että suojaus pettää .",2018-01-23 00:08:25
Miksi joidenkin psykiatrien vastaanotolla tulee,"Miksi joidenkin psykiatrien vastaanotolla tulee henkisesti paha olo ? Sellainen tunne , että jotain on pielessä , että psykiatrin tahto itseä kohtaan ei ole hyvä , vaan aivan kuin hän olisi sitoutunut jonkinlaiseen vääryyteen ? Minulla on PTSD , jonka takia kärsin ahdistuksesta opiskeluaikoina , yli 10 vuotta sitten . Kävin silloin n . 1,5 vuoden sisällä n . 5 psykiatrilla joitain kertoja . Heistä muutaman vastaanotolla tuli tuollainen olo , ja henkinen vointi oli heidän tapaamisen jälkeen huonompi ja toivottomampi . Sitten taas joidenkin luona käytyä oli aina parempi vointi . Mutta sitten oli tosiaan noita keiden luona jotain tuntui olevan pielessä . Heidän vastaanotollaan tuli joskus paranoidejakin ajatuksia , eli epäilyjä siitä että psykiatri yrittää jotenkin sabotoida elämääni ja haluaa nähdä kärsimykseni lisääntyvän . En ollut psykoottinen ja tajusin itsekin , miten "" hulluja "" nuo ajatukset olivat , mutta jokin mätti siitä huolimatta minun ja noiden tiettyjen psykiatrien kohtaamisissa . Ehkä inhosivat minua ( psykiatritkin ovat vain ihmisiä , ja jotkut ihmiset vain inhoavat joitakuita toisia , ei sille mitään voi ) , ja vaistosin sen heidän katseistaan , äänenpainoistaan , ilmeistään ... ? En ole enää yli 10 vuoteen tarvinnut mt-palveluja , mutta nyt tuli tämä asia mieleen , kun pohdiskelin menneisyyttä .",2018-01-24 05:50:25
